company,job_title,linkedin_job_id,location,posted_on,posted_date,work_mode,employment_type,skills
Google,Digital Marketing Strategist,view,"Gurugram, Haryana, India",3 days ago,,null,null,[]
Google,"Software Engineer, University Graduate, 2025",view,"Bengaluru, Karnataka, India",6 days ago,,null,null,[]
Google,Technical Recruiter,view,"Bengaluru, Karnataka, India",1 week ago,,null,null,[]
Google,Marketing Category Manager,view,"Gurgaon, Haryana, India",2 weeks ago,,null,null,[]
Google,"Software Engineer, University Graduate, 2025",view,Mumbai Metropolitan Region,6 days ago,,null,null,[]
Google,"Software Engineer, University Graduate, 2025",view,"Hyderabad, Telangana, India",6 days ago,,null,null,[]
Google,"Software Engineer, University Graduate, 2025",view,"Gurgaon, Haryana, India",6 days ago,,null,null,[]
Google,"Software Engineer, University Graduate, 2025",view,"Pune, Maharashtra, India",6 days ago,,null,null,[]
Google,Marketing Category Manager,view,"Bengaluru, Karnataka, India",4 days ago,,null,null,[]
Google,Internal Communications Specialist,view,"Gurugram, Haryana, India",5 days ago,,null,null,[]
Google,"Analyst, Marketing Finance",view,"Gurgaon, Haryana, India",4 days ago,,null,null,[]
Google,Finance Analyst,view,"Bengaluru, Karnataka, India",3 days ago,,null,null,[]
Google,"Product Specialist, Product and Sales Activation",view,"Gurugram, Haryana, India",2 weeks ago,,null,null,[]
Google,Financial Analyst,view,"Bengaluru, Karnataka, India",3 days ago,,null,null,[]
Google,Digital Marketing Strategist,view,"Hyderabad, Telangana, India",3 days ago,,null,null,[]
Google,Data Analyst,view,"Hyderabad, Telangana, India",2 weeks ago,,null,null,[]
Google,Internal Communications Specialist,view,"Bengaluru, Karnataka, India",4 days ago,,null,null,[]
Google,"Accountant, Platforms and Ecosystems",view,"Hyderabad, Telangana, India",2 weeks ago,,null,null,[]
Google,"Software Engineer, Core",view,"Hyderabad, Telangana, India",3 days ago,,null,null,[]
Google,Executive Recruiter,view,"Gurugram, Haryana, India",11 hours ago,,null,null,[]
Google,"Account Manager, Ad Sales",view,"Gurgaon, Haryana, India",2 days ago,,null,null,[]
Google,"Growth Manager, AppDev (English, Hindi)",view,"Gurugram, Haryana, India",1 week ago,,null,null,[]
Google,"Account Strategist, Mid-Market Sales, Google Customer Solutions",view,"Gurugram, Haryana, India",5 days ago,,null,null,[]
Google,"Software Engineer, Google Ads",view,"Bengaluru, Karnataka, India",6 days ago,,null,null,[]
Google,Executive Recruiter,view,"Bengaluru, Karnataka, India",11 hours ago,,null,null,[]
Google,"Account Strategist, Mid-Market Sales, Google Customer Solutions",view,Mumbai Metropolitan Region,5 days ago,,null,null,[]
Google,"Software Engineer, Payments",view,"Bengaluru, Karnataka, India",6 days ago,,null,null,[]
Google,"Program Manager, Strategy and Operations",view,"Hyderabad, Telangana, India",1 week ago,,null,null,[]
Google,Executive Recruiter,view,"Hyderabad, Telangana, India",11 hours ago,,null,null,[]
Google,"Software Engineer, Payments",view,"Hyderabad, Telangana, India",2 weeks ago,,null,null,[]
Google,"Customer Onboarding Strategist, Acquisitions, Google Customer Solutions",view,"Bengaluru, Karnataka, India",2 weeks ago,,null,null,[]
Google,"Administrative Business Partner, Search Platforms",view,"Bengaluru, Karnataka, India",17 hours ago,,null,null,[]
Google,"Software Engineer, YouTube",view,"Bengaluru, Karnataka, India",2 weeks ago,,null,null,[]
Google,"Product Support Manager, Google Play",view,"Gurgaon, Haryana, India",2 weeks ago,,null,null,[]
Google,"Marketing Analytics Manager, Ads Marketing",view,"Gurugram, Haryana, India",1 hour ago,,null,null,[]
Google,"Embedded Software Engineer, University Graduate, 2025",view,"Bengaluru, Karnataka, India",3 days ago,,null,null,[]
Google,Senior Talent Engagement Specialist,view,"Bengaluru, Karnataka, India",4 days ago,,null,null,[]
Google,"Product Manager, Search",view,"Bengaluru, Karnataka, India",4 days ago,,null,null,[]
Google,"Product Manager, Member Retention and Experience",view,"Bengaluru, Karnataka, India",2 weeks ago,,null,null,[]
Google,"Media lead, Marketing",view,"Gurgaon, Haryana, India",17 hours ago,,null,null,[]
Google,People Consultant (Fixed-Term Contract),view,"Bengaluru, Karnataka, India",3 weeks ago,,null,null,[]
Google,"Software Engineer, Front End, Google Cloud",view,"Bengaluru, Karnataka, India",1 week ago,,null,null,[]
Google,"Product Manager, Looker",view,"Hyderabad, Telangana, India",3 days ago,,null,null,[]
Google,"Strategy and Operations Lead, Go-To-Market",view,"Gurgaon, Haryana, India",3 days ago,,null,null,[]
Google,Senior Talent Engagement Specialist,view,"Hyderabad, Telangana, India",4 days ago,,null,null,[]
Google,"Research Scientist, Google Assistant",view,"Bengaluru, Karnataka, India",2 weeks ago,,null,null,[]
Google,"Finance Lead, Payments, Finance",view,"Bengaluru, Karnataka, India",3 days ago,,null,null,[]
Google,"Business Finance Analyst, Cross Programs, Google Customer Solutions",view,"Bengaluru, Karnataka, India",2 days ago,,null,null,[]
Google,"Financial Analyst, Go-to-Market Finance, Google Cloud Consulting",view,"Bengaluru, Karnataka, India",3 days ago,,null,null,[]
Google,"Program Manager, Vendor Quality Operations",view,"Bengaluru, Karnataka, India",2 weeks ago,,null,null,[]
